-- MySQL dump 10.13  Distrib 8.0.42, for Win64 (x86_64)
--
-- Host: localhost    Database: sambleshoppingdata
-- ------------------------------------------------------
-- Server version	8.0.42

/*!40101 SET @OLD_CHARACTER_SET_CLIENT=@@CHARACTER_SET_CLIENT */;
/*!40101 SET @OLD_CHARACTER_SET_RESULTS=@@CHARACTER_SET_RESULTS */;
/*!40101 SET @OLD_COLLATION_CONNECTION=@@COLLATION_CONNECTION */;
/*!50503 SET NAMES utf8 */;
/*!40103 SET @OLD_TIME_ZONE=@@TIME_ZONE */;
/*!40103 SET TIME_ZONE='+00:00' */;
/*!40014 SET @OLD_UNIQUE_CHECKS=@@UNIQUE_CHECKS, UNIQUE_CHECKS=0 */;
/*!40014 SET @OLD_FOREIGN_KEY_CHECKS=@@FOREIGN_KEY_CHECKS, FOREIGN_KEY_CHECKS=0 */;
/*!40101 SET @OLD_SQL_MODE=@@SQL_MODE, SQL_MODE='NO_AUTO_VALUE_ON_ZERO' */;
/*!40111 SET @OLD_SQL_NOTES=@@SQL_NOTES, SQL_NOTES=0 */;

--
-- Table structure for table `customers`
--

DROP TABLE IF EXISTS `customers`;
/*!40101 SET @saved_cs_client     = @@character_set_client */;
/*!50503 SET character_set_client = utf8mb4 */;
CREATE TABLE `customers` (
  `customerID` int NOT NULL AUTO_INCREMENT,
  `fullName` varchar(45) NOT NULL,
  `address` varchar(45) DEFAULT NULL,
  `city` varchar(45) DEFAULT NULL,
  `ZIP/Postal` varchar(45) DEFAULT NULL,
  `phone` varchar(45) DEFAULT NULL,
  `email` varchar(45) NOT NULL,
  PRIMARY KEY (`customerID`),
  UNIQUE KEY `customerID_UNIQUE` (`customerID`)
) ENGINE=InnoDB AUTO_INCREMENT=228 DEFAULT CHARSET=utf8mb4 COLLATE=utf8mb4_0900_ai_ci;
/*!40101 SET character_set_client = @saved_cs_client */;

--
-- Dumping data for table `customers`
--

LOCK TABLES `customers` WRITE;
/*!40000 ALTER TABLE `customers` DISABLE KEYS */;
INSERT INTO `customers` VALUES (1,'F744647 4a65e1bb',NULL,NULL,NULL,'+1-8531396797','65dfd874be@example.com'),(2,'2149ed8 23d94b77',NULL,NULL,NULL,'+1-3956991661','0d8d1df0a9@example.com'),(3,'0d679e2 3b243b54',NULL,NULL,NULL,'+1-1682543290','50012a2c7f@example.com'),(4,'0c078d5 9ddb6666',NULL,NULL,NULL,'+1-2774526321','f20d09e12c@example.com'),(5,'21d69ce Efb3e128',NULL,NULL,NULL,'+1-0571701061','9477dd3615@example.com'),(6,'9a762e0 Ac27ba8b',NULL,NULL,NULL,'+1-5386974267','29522c52d7@example.com'),(7,'14371c0 5c7e11ac',NULL,NULL,NULL,'+1-8970351115','76b418398d@example.com'),(8,'30c5cb7 464dabc7',NULL,NULL,NULL,'+1-8745665986','32cc0d07f7@example.com'),(9,'Fabc687 D4f0acb6',NULL,NULL,NULL,'+1-0612114742','f2c76cb2ad@example.com'),(10,'89c4d4f F55b7801',NULL,NULL,NULL,'+1-8891380512','983a07236e@example.com'),(11,'C5ad03a 29b71092',NULL,NULL,NULL,'+1-8470807875','dee991d40c@example.com'),(12,'784a8f2 74fe4962',NULL,NULL,NULL,'+1-3932107550','9f8351af22@example.com'),(13,'Ab23122 708b2fc3',NULL,NULL,NULL,'+1-7937303509','39739ca115@example.com'),(14,'26ce840 66c463b7',NULL,NULL,NULL,'+1-3623392669','b2c0a966ff@example.com'),(15,'Ba0ceeb Cddea6af',NULL,NULL,NULL,'+1-7757345892','828ab4076e@example.com'),(16,'F728490 061e274b',NULL,NULL,NULL,'+1-6665502504','d776ccd356@example.com'),(17,'85d8621 7d6a4aeb',NULL,NULL,NULL,'+1-4175461776','1d200f5beb@example.com'),(18,'De0ad9e 8b6fb9cc',NULL,NULL,NULL,'+1-8330835540','a33016d0db@example.com'),(19,'Da89804 1ce6bcac',NULL,NULL,NULL,'+1-3572428602','fccd269005@example.com'),(20,'B59e7de Dfeb62b2',NULL,NULL,NULL,'+1-7454527595','58c665d3af@example.com'),(21,'B5292b6 529ee9f7',NULL,NULL,NULL,'+1-2133395971','a01761d3f1@example.com'),(22,'Bc7b4cf Be510301',NULL,NULL,NULL,'+1-4181946268','2d46a67fcd@example.com'),(23,'B11b4e2 Fe7e46fe',NULL,NULL,NULL,'+1-3387082259','06a1c1e815@example.com'),(24,'C0ae073 4b2d0938',NULL,NULL,NULL,'+1-5786915268','27c167d190@example.com'),(25,'0677208 7103bc5a',NULL,NULL,NULL,'+1-4583053025','b685f7e942@example.com'),(26,'A7e7dfa 6f8c419f',NULL,NULL,NULL,'+1-5394992060','ddc7a4ab7a@example.com'),(27,'55245e6 8ef67685',NULL,NULL,NULL,'+1-5575686027','1dd556743f@example.com'),(28,'87a9259 9a3d0dd5',NULL,NULL,NULL,'+1-0356046595','42605c4995@example.com'),(29,'7e4224b Ded72447',NULL,NULL,NULL,'+1-4798303651','e45c95d3c6@example.com'),(30,'2a79aa0 D6c4fd1e',NULL,NULL,NULL,'+1-0478730248','88b9bddd4b@example.com'),(31,'7cf8b0c E2aed9e7',NULL,NULL,NULL,'+1-0060522565','ef9d477d70@example.com'),(32,'700318d 5891af1d',NULL,NULL,NULL,'+1-5083576445','ce95fd21fa@example.com'),(33,'87f94c7 4cca8710',NULL,NULL,NULL,'+1-6256899057','3ccce1463f@example.com'),(34,'5427df6 C328a1fb',NULL,NULL,NULL,'+1-0355914160','8649ac5c35@example.com'),(35,'D7056b9 300b6370',NULL,NULL,NULL,'+1-7353578635','f248309a5c@example.com'),(36,'12cae35 9dda3ef2',NULL,NULL,NULL,'+1-6350325594','ce5635bd32@example.com'),(37,'55911a1 66c1c200',NULL,NULL,NULL,'+1-8409120336','aeb9a23d89@example.com'),(38,'21c4cb0 A808fcd1',NULL,NULL,NULL,'+1-4892023722','fc67cebb3c@example.com'),(39,'0163484 57da2cca',NULL,NULL,NULL,'+1-4535543894','413a48b331@example.com'),(40,'Cc25421 4a39eeed',NULL,NULL,NULL,'+1-6277989266','f0dedd328e@example.com'),(41,'B4d641d Eeb1eb73',NULL,NULL,NULL,'+1-3710113096','970d263758@example.com'),(42,'3bd5bca 9265453b',NULL,NULL,NULL,'+1-7725262313','c952b52b1e@example.com'),(43,'3e4d60b Cf3e78c5',NULL,NULL,NULL,'+1-9843922033','a0399e0cb6@example.com'),(44,'5e660e3 8325e995',NULL,NULL,NULL,'+1-7814725467','4861c72826@example.com'),(45,'914d26d 45af2dc3',NULL,NULL,NULL,'+1-6030381811','50d9386de3@example.com'),(46,'4ab9296 183ebc55',NULL,NULL,NULL,'+1-1869837755','522d423087@example.com'),(47,'627957a C65d9d4e',NULL,NULL,NULL,'+1-9843779792','45e002faf9@example.com'),(48,'3079aef B94a005b',NULL,NULL,NULL,'+1-5516567961','dd2fee4717@example.com'),(49,'3b0255c D6d1a634',NULL,NULL,NULL,'+1-2026542548','63bd051b01@example.com'),(50,'Fd15a1f Dd8b25e8',NULL,NULL,NULL,'+1-8862692191','8b161ec858@example.com'),(51,'5fa2be3 1b2c9636',NULL,NULL,NULL,'+1-5296853385','e972a9c898@example.com'),(52,'D6ab682 8391e1bc',NULL,NULL,NULL,'+1-2930701210','c6b7563997@example.com'),(53,'Bfe4175 F2524493',NULL,NULL,NULL,'+1-6825487471','5f5c172443@example.com'),(54,'7cbf7d0 4e28966a',NULL,NULL,NULL,'+1-8064034951','aba234777c@example.com'),(55,'3d6df8a 3e5d7ddf',NULL,NULL,NULL,'+1-8587164449','60ef3fad09@example.com'),(56,'73b86a1 E2156faf',NULL,NULL,NULL,'+1-5465840180','211a8e9808@example.com'),(57,'9ee66ba F3c4bd5d',NULL,NULL,NULL,'+1-6180630192','d97e0a1713@example.com'),(58,'563fda8 70682e72',NULL,NULL,NULL,'+1-7683434689','0bd0bbe685@example.com'),(59,'A46e212 3ca16562',NULL,NULL,NULL,'+1-3398852966','02fa208686@example.com'),(60,'E4af8d7 00d3094a',NULL,NULL,NULL,'+1-7898760920','03f65f08ec@example.com'),(61,'80013d3 D0114f80',NULL,NULL,NULL,'+1-7774713866','e558298dd5@example.com'),(62,'Cb9546c E2c31ccb',NULL,NULL,NULL,'+1-0139210028','92ca592030@example.com'),(63,'827297f Bc569cbb',NULL,NULL,NULL,'+1-5662159692','57bf1f963b@example.com'),(64,'Af6e272 8e0b4d04',NULL,NULL,NULL,'+1-0583021659','1ad1e29561@example.com'),(65,'3e56153 C727ff11',NULL,NULL,NULL,'+1-2142764425','6d4f712d07@example.com'),(66,'D1c5d83 1353f2c3',NULL,NULL,NULL,'+1-2961977192','1525a359be@example.com'),(67,'9e3015c 95cf4955',NULL,NULL,NULL,'+1-4633721629','1148d2bc1f@example.com'),(68,'Df9fc39 7011952a',NULL,NULL,NULL,'+1-6317815292','66986882da@example.com'),(69,'7c98b83 Cbc6dc46',NULL,NULL,NULL,'+1-4874506802','ce13e892a1@example.com'),(70,'0bc510b 314846a0',NULL,NULL,NULL,'+1-7934544103','358cb7dc17@example.com'),(71,'59ca1df F19577d8',NULL,NULL,NULL,'+1-9103145859','86a2398cc2@example.com'),(72,'D866209 E0406b92',NULL,NULL,NULL,'+1-4282697918','de88ff3c54@example.com'),(73,'5f9f293 D8c71627',NULL,NULL,NULL,'+1-1809383194','ceda5e0bbf@example.com'),(74,'25f0678 7298f2e1',NULL,NULL,NULL,'+1-0260697333','1499103e1f@example.com'),(75,'099d746 Ddc7e1ad',NULL,NULL,NULL,'+1-5346654714','c948c6c881@example.com'),(76,'D70e914 3b3d6755',NULL,NULL,NULL,'+1-9824187597','0bbd895f91@example.com'),(77,'5b028cf F3295be7',NULL,NULL,NULL,'+1-6584930370','cb2c539db2@example.com'),(78,'6c4ba23 C2f8c3f0',NULL,NULL,NULL,'+1-6137096850','72b1bcb68d@example.com'),(79,'3a3ac82 1076ab66',NULL,NULL,NULL,'+1-5604098332','0a97e75fca@example.com'),(80,'B695adb 9dba7a1b',NULL,NULL,NULL,'+1-9666141280','dca35d4bc7@example.com'),(81,'700e1bd 0fb86fbf',NULL,NULL,NULL,'+1-5946608126','678196210e@example.com'),(82,'692b75e 177e4dea',NULL,NULL,NULL,'+1-0559900766','27e8c7923e@example.com'),(83,'Dbcd4b5 668dc3ea',NULL,NULL,NULL,'+1-8054667923','081d5dbceb@example.com'),(84,'Af3c400 54626b19',NULL,NULL,NULL,'+1-6756710518','9bd238d722@example.com'),(85,'E7b056d 101ee43a',NULL,NULL,NULL,'+1-6233762322','fb1d2eb355@example.com'),(86,'278a878 92b642e0',NULL,NULL,NULL,'+1-3815454508','d5113d8d9a@example.com'),(87,'E73f58f B208af19',NULL,NULL,NULL,'+1-8463306826','a680f91608@example.com'),(88,'35dac9d D4fc1c1a',NULL,NULL,NULL,'+1-6680507032','196b58e921@example.com'),(89,'8955fff 7e29a94a',NULL,NULL,NULL,'+1-4748680186','170451b4db@example.com'),(90,'E794868 32524647',NULL,NULL,NULL,'+1-5036560841','37b5fca282@example.com'),(91,'737aefb Bb4c193f',NULL,NULL,NULL,'+1-0228972751','418e63c2e2@example.com'),(92,'Bdfd14d 4a6abaee',NULL,NULL,NULL,'+1-1409955584','e60e3807fb@example.com'),(93,'14b30cc 40a9d97e',NULL,NULL,NULL,'+1-0658731200','a93d2fab27@example.com'),(94,'B157a0f 21e80876',NULL,NULL,NULL,'+1-2452302493','7df4ffbbc7@example.com'),(95,'Ceefa86 8f6134d6',NULL,NULL,NULL,'+1-2098305134','6b2f9e7eae@example.com'),(96,'9dfb6e4 Ae266b92',NULL,NULL,NULL,'+1-8117589781','e9bd3de6a7@example.com'),(97,'44a5ea7 B3a25744',NULL,NULL,NULL,'+1-4562034480','ea385afcfd@example.com'),(98,'3f0ab37 9ba3ffb0',NULL,NULL,NULL,'+1-2949590667','d9715667a9@example.com'),(99,'487ea26 C465e592',NULL,NULL,NULL,'+1-2380962942','3d33c8fa03@example.com'),(100,'Dbd623f 1a35be9e',NULL,NULL,NULL,'+1-9340960569','af9f9ce6db@example.com'),(101,'0d6de90 70417950',NULL,NULL,NULL,'+1-0883583213','24ac668262@example.com'),(102,'Abc6657 Ef55dbd0',NULL,NULL,NULL,'+1-7912208259','6d86224213@example.com'),(103,'Da10925 F7bf0287',NULL,NULL,NULL,'+1-6743175421','077c2e8b60@example.com'),(104,'682ec99 37eec082',NULL,NULL,NULL,'+1-4193130660','98aa603e5a@example.com'),(105,'Eec0d71 0c943868',NULL,NULL,NULL,'+1-3834018245','3ea00eb0a1@example.com'),(106,'837d0b1 5a81d6f1',NULL,NULL,NULL,'+1-3889258088','2cfa1396d2@example.com'),(107,'A13af58 2c23b8b1',NULL,NULL,NULL,'+1-6234254507','3c4cec41fd@example.com'),(108,'A7fce71 D9009cc7',NULL,NULL,NULL,'+1-7311684542','def33aa9bb@example.com'),(109,'0378375 0eb58961',NULL,NULL,NULL,'+1-5180297489','0c8ac44377@example.com'),(110,'6dfdb43 A581ad55',NULL,NULL,NULL,'+1-3951562451','c458707cb7@example.com'),(111,'Cab94e6 C76a3522',NULL,NULL,NULL,'+1-0180171216','dfbc71261e@example.com'),(112,'E684205 6fd7552c',NULL,NULL,NULL,'+1-2679236319','ebc988dd39@example.com'),(113,'647cb69 D1f7ddec',NULL,NULL,NULL,'+1-1090593339','d4a0aa357b@example.com'),(114,'384610c 59e03cf2',NULL,NULL,NULL,'+1-7743778524','9b81e1be58@example.com'),(115,'A760c6c Ad671321',NULL,NULL,NULL,'+1-6977699479','03a8077a30@example.com'),(116,'Ca4e7e9 Aa8813be',NULL,NULL,NULL,'+1-5268081580','747bd04659@example.com'),(117,'1df7072 949f79aa',NULL,NULL,NULL,'+1-4504515178','a3668ea086@example.com'),(118,'E210741 E80964e6',NULL,NULL,NULL,'+1-5223579541','7d3fca4ad0@example.com'),(119,'E89d6df 54bc2364',NULL,NULL,NULL,'+1-5045933988','88112f5892@example.com'),(120,'F55bc24 823374d4',NULL,NULL,NULL,'+1-3509333574','c8c903b036@example.com'),(121,'Eb66cf4 48d88742',NULL,NULL,NULL,'+1-1746713045','54b93bdaa6@example.com'),(122,'C1a4f92 438757d0',NULL,NULL,NULL,'+1-6338538375','83574bcb18@example.com'),(123,'12dbc42 049664fb',NULL,NULL,NULL,'+1-1012443826','7167e0411b@example.com'),(124,'8e23d21 C862da1c',NULL,NULL,NULL,'+1-4175773834','ac95eabdcc@example.com'),(125,'8674479 7cca4bf5',NULL,NULL,NULL,'+1-1390933190','111862709e@example.com'),(126,'C6015ee C6e4d231',NULL,NULL,NULL,'+1-2724629354','31d3d880e7@example.com'),(127,'D123468 F77b2a60',NULL,NULL,NULL,'+1-6509312946','15652798d5@example.com'),(128,'93a041e 502f1b58',NULL,NULL,NULL,'+1-1846887182','bc803a8e07@example.com'),(129,'78b6f09 50a13fc6',NULL,NULL,NULL,'+1-5058646653','1e039a34bc@example.com'),(130,'E8c20a7 Bf81e78e',NULL,NULL,NULL,'+1-5792635330','d969e4178c@example.com'),(131,'5920949 4b733f0d',NULL,NULL,NULL,'+1-2312124215','a69b306b3b@example.com'),(132,'Bfb67ff 27b87c1a',NULL,NULL,NULL,'+1-9910840550','cc7f710f85@example.com'),(133,'1caedb6 C4cb2fb8',NULL,NULL,NULL,'+1-8657305556','0ab5e25806@example.com'),(134,'7425f3e 4f74623e',NULL,NULL,NULL,'+1-4260023361','21ea721dc4@example.com'),(135,'B68f5ed E3ea6112',NULL,NULL,NULL,'+1-2934226554','bfd2364c23@example.com'),(136,'268d0ba B6f342dc',NULL,NULL,NULL,'+1-5046412092','0c494ec85a@example.com'),(137,'6c04313 A4a73df0',NULL,NULL,NULL,'+1-5481707710','a01b669149@example.com'),(138,'A51e827 D311cc01',NULL,NULL,NULL,'+1-8084439940','1da1240ef1@example.com'),(139,'C2a96df 4056f2cd',NULL,NULL,NULL,'+1-7692669702','088cba1222@example.com'),(140,'Fe9caa8 59967d40',NULL,NULL,NULL,'+1-4126940615','9342ead04b@example.com'),(141,'5d33415 D03bb83f',NULL,NULL,NULL,'+1-1610659502','b3d2ed5ca5@example.com'),(142,'49da1be E2e63982',NULL,NULL,NULL,'+1-2707217459','421b790006@example.com'),(143,'370791f Be2815b1',NULL,NULL,NULL,'+1-5832945663','62a5dcbcce@example.com'),(144,'2a8f917 F5967930',NULL,NULL,NULL,'+1-2313377645','b806f24eef@example.com'),(145,'7e7f9e8 Bdbf562a',NULL,NULL,NULL,'+1-8478873612','56c6e75264@example.com'),(146,'C3cc6f5 A96e822c',NULL,NULL,NULL,'+1-0481369542','6f2981359d@example.com'),(147,'A26eb6b 9d054ff7',NULL,NULL,NULL,'+1-3673978376','533a2c4281@example.com'),(148,'185d2dc 274711e9',NULL,NULL,NULL,'+1-4150108950','95742311cd@example.com'),(149,'7de3560 0e669a3c',NULL,NULL,NULL,'+1-8262888228','1f7a6397e2@example.com'),(150,'21974ce Ce11cf8e',NULL,NULL,NULL,'+1-0861000941','4050e99f10@example.com'),(151,'Dc0b9da 9013d0d5',NULL,NULL,NULL,'+1-0268178852','91c9475132@example.com'),(152,'Ef5dea7 Daae1c1c',NULL,NULL,NULL,'+1-4195038130','a9a7e5ef49@example.com'),(153,'2362b94 Df629693',NULL,NULL,NULL,'+1-6211319860','6a31b1efec@example.com'),(154,'Bbbb633 4ac2bb1a',NULL,NULL,NULL,'+1-8854761988','12d5c3884e@example.com'),(155,'499c0f5 0b052598',NULL,NULL,NULL,'+1-4269128287','d8ea888c27@example.com'),(156,'6b55cc3 46b0cb57',NULL,NULL,NULL,'+1-6768348456','e60fb6d49d@example.com'),(157,'Dadd165 38d4e983',NULL,NULL,NULL,'+1-9746507135','dfc525e2c9@example.com'),(158,'6523b03 A1074da3',NULL,NULL,NULL,'+1-7209985989','1611f87c18@example.com'),(159,'E76b97a B4c1215d',NULL,NULL,NULL,'+1-9369112280','3347f1d725@example.com'),(160,'E33457d E7446752',NULL,NULL,NULL,'+1-0308472086','8b30800210@example.com'),(161,'1822bae F8d539f6',NULL,NULL,NULL,'+1-7482731442','5b1c0981c3@example.com'),(162,'E8897fc 6f90afb9',NULL,NULL,NULL,'+1-0539308861','8c43e9bfc6@example.com'),(163,'Fcfd2df 85cc8f60',NULL,NULL,NULL,'+1-7544538925','5543b00576@example.com'),(164,'422250d 67e24049',NULL,NULL,NULL,'+1-4489589859','90ec772d7e@example.com'),(165,'A20fb36 6b95166d',NULL,NULL,NULL,'+1-0970095853','b713951e2d@example.com'),(166,'0fc47e4 C2490a3d',NULL,NULL,NULL,'+1-3319003603','8afa99e4ad@example.com'),(167,'Aba975b 4b5b949f',NULL,NULL,NULL,'+1-5198718146','1cb45bc6bb@example.com'),(168,'38a015e 9af9f184',NULL,NULL,NULL,'+1-1513457253','b67403d756@example.com'),(169,'4eca31d 32f01ed6',NULL,NULL,NULL,'+1-4535925439','b88dda727c@example.com'),(170,'16789e2 2c845fc0',NULL,NULL,NULL,'+1-1674225173','b24093ddde@example.com'),(171,'D969656 B5d19325',NULL,NULL,NULL,'+1-7945032462','a822e397e6@example.com'),(172,'6e48b9b Cbc21da3',NULL,NULL,NULL,'+1-8667581014','47c9439308@example.com'),(173,'8cfa120 98953753',NULL,NULL,NULL,'+1-2542181809','5b371838f8@example.com'),(174,'E943c4d 366acc28',NULL,NULL,NULL,'+1-4020926052','30f2febbdc@example.com'),(175,'93fdcc8 06b87526',NULL,NULL,NULL,'+1-3547917821','151faa54a1@example.com'),(176,'Ad6aa5b 13dd393d',NULL,NULL,NULL,'+1-3833131691','cfc785f649@example.com'),(177,'0b40754 01fa6934',NULL,NULL,NULL,'+1-8623346694','c00e4bec27@example.com'),(178,'742ed08 B6515ecf',NULL,NULL,NULL,'+1-9406845680','fc8d52ca1f@example.com'),(179,'9a9cfe7 22bbfae7',NULL,NULL,NULL,'+1-9424676251','7f3e30c55d@example.com'),(180,'F97ad3d 6a96f030',NULL,NULL,NULL,'+1-1406719834','f694fcb98c@example.com'),(181,'Bbff643 32436c77',NULL,NULL,NULL,'+1-6456810716','30bcf0d68c@example.com'),(182,'93762e3 A4cbcef7',NULL,NULL,NULL,'+1-9423776203','435969750d@example.com'),(183,'C0cfe83 1ba2fdc0',NULL,NULL,NULL,'+1-6270499030','1df4b80abf@example.com'),(184,'9b08e6e 599d5161',NULL,NULL,NULL,'+1-2655720638','1f8ff2fdf5@example.com'),(185,'37d4491 71147e53',NULL,NULL,NULL,'+1-2011106183','ed6737e666@example.com'),(186,'Eb1e17e Afb82bee',NULL,NULL,NULL,'+1-6461222531','f6ec8bc304@example.com'),(187,'39216ad 5d5ffb06',NULL,NULL,NULL,'+1-6823504228','8a7cceed0b@example.com'),(188,'A9231b0 49b9b9ce',NULL,NULL,NULL,'+1-1728337064','139effda04@example.com'),(189,'95b8a5b 8dffbdfd',NULL,NULL,NULL,'+1-3694152109','c0e0dde802@example.com'),(190,'6a884e6 421cb3df',NULL,NULL,NULL,'+1-3133290217','5c0d0fe179@example.com'),(191,'E6842e1 F5196c5f',NULL,NULL,NULL,'+1-0824558018','17f11af163@example.com'),(192,'776fc49 8700f913',NULL,NULL,NULL,'+1-8478343205','e940951005@example.com'),(193,'0fd5cde 4d789209',NULL,NULL,NULL,'+1-2464915581','25dceed71b@example.com'),(194,'93d96b2 6bd6f399',NULL,NULL,NULL,'+1-1643808923','1a7f3fc542@example.com'),(195,'A640bc7 3f054e8c',NULL,NULL,NULL,'+1-4689694554','5f4715b232@example.com'),(196,'265a469 E6027d9d',NULL,NULL,NULL,'+1-2466662202','fe8fc9dcbe@example.com'),(197,'93d36c3 7db4f8c6',NULL,NULL,NULL,'+1-4652732791','85d96865b6@example.com'),(198,'1fe8985 Ea1731a1',NULL,NULL,NULL,'+1-8047278353','314779b5cd@example.com'),(199,'Ab40896 Dea99ec3',NULL,NULL,NULL,'+1-6187955053','1adb519dca@example.com'),(200,'3510557 A2d6ed1b',NULL,NULL,NULL,'+1-2298576712','ed23570d32@example.com');
/*!40000 ALTER TABLE `customers` ENABLE KEYS */;
UNLOCK TABLES;

--
-- Table structure for table `items`
--

DROP TABLE IF EXISTS `items`;
/*!40101 SET @saved_cs_client     = @@character_set_client */;
/*!50503 SET character_set_client = utf8mb4 */;
CREATE TABLE `items` (
  `itemID` int NOT NULL AUTO_INCREMENT,
  `itemName` varchar(45) NOT NULL,
  `size` varchar(45) DEFAULT NULL,
  `category` varchar(45) NOT NULL,
  `price` decimal(45,2) NOT NULL,
  PRIMARY KEY (`itemID`)
) ENGINE=InnoDB AUTO_INCREMENT=32 DEFAULT CHARSET=utf8mb4 COLLATE=utf8mb4_0900_ai_ci;
/*!40101 SET character_set_client = @saved_cs_client */;

--
-- Dumping data for table `items`
--

LOCK TABLES `items` WRITE;
/*!40000 ALTER TABLE `items` DISABLE KEYS */;
INSERT INTO `items` VALUES (1,'Item 1',NULL,'Books',54.38),(2,'Item 2',NULL,'Clothing',8.26),(3,'Item 3',NULL,'Clothing',58.50),(4,'Item 4',NULL,'Home',28.25),(5,'Item 5',NULL,'Toys',1.18),(6,'Item 6',NULL,'Electronics',59.18),(7,'Item 7',NULL,'Books',4.84),(8,'Item 8',NULL,'Books',50.33),(9,'Item 9',NULL,'Toys',3.72),(10,'Item 10',NULL,'Books',8.79),(11,'Item 11',NULL,'Electronics',24.46),(12,'Item 12',NULL,'Toys',76.67),(13,'Item 13',NULL,'Electronics',27.57),(14,'Item 14',NULL,'Electronics',24.82),(15,'Item 15',NULL,'Electronics',14.43),(16,'Item 16',NULL,'Electronics',41.84),(17,'Item 17',NULL,'Books',56.07),(18,'Item 18',NULL,'Electronics',79.70),(19,'Item 19',NULL,'Home',100.67),(20,'Item 20',NULL,'Toys',86.49),(21,'Item 21',NULL,'Clothing',28.21),(22,'Item 22',NULL,'Clothing',48.55),(23,'Item 23',NULL,'Home',59.57),(24,'Item 24',NULL,'Electronics',85.93),(25,'Item 25',NULL,'Toys',87.56);
/*!40000 ALTER TABLE `items` ENABLE KEYS */;
UNLOCK TABLES;

--
-- Table structure for table `orders`
--

DROP TABLE IF EXISTS `orders`;
/*!40101 SET @saved_cs_client     = @@character_set_client */;
/*!50503 SET character_set_client = utf8mb4 */;
CREATE TABLE `orders` (
  `orderID` int NOT NULL AUTO_INCREMENT,
  `customerID` int NOT NULL,
  `itemID` int NOT NULL,
  `quantity` int NOT NULL,
  `orderDate` datetime NOT NULL,
  PRIMARY KEY (`orderID`),
  UNIQUE KEY `orderID_UNIQUE` (`orderID`),
  KEY `customerID_idx` (`customerID`),
  KEY `itemID_idx` (`itemID`),
  CONSTRAINT `customerID` FOREIGN KEY (`customerID`) REFERENCES `customers` (`customerID`),
  CONSTRAINT `itemID` FOREIGN KEY (`itemID`) REFERENCES `items` (`itemID`)
) ENGINE=InnoDB AUTO_INCREMENT=128 DEFAULT CHARSET=utf8mb4 COLLATE=utf8mb4_0900_ai_ci;
/*!40101 SET character_set_client = @saved_cs_client */;

--
-- Dumping data for table `orders`
--

LOCK TABLES `orders` WRITE;
/*!40000 ALTER TABLE `orders` DISABLE KEYS */;
INSERT INTO `orders` VALUES (1,170,6,1,'2024-08-14 00:00:00'),(2,174,15,1,'2024-12-09 00:00:00'),(3,58,6,5,'2024-08-16 00:00:00'),(4,31,9,1,'2024-05-13 00:00:00'),(5,166,20,1,'2024-10-19 00:00:00'),(6,76,15,4,'2025-03-28 00:00:00'),(7,90,13,2,'2025-03-20 00:00:00'),(8,13,15,3,'2024-08-12 00:00:00'),(9,114,12,3,'2025-03-29 00:00:00'),(10,130,14,5,'2024-07-23 00:00:00'),(11,29,18,5,'2024-12-10 00:00:00'),(12,167,25,3,'2024-04-28 00:00:00'),(13,194,3,5,'2024-07-21 00:00:00'),(14,176,18,5,'2024-10-19 00:00:00'),(15,150,21,1,'2024-06-03 00:00:00'),(16,107,5,5,'2025-04-03 00:00:00'),(17,142,14,1,'2024-07-28 00:00:00'),(18,156,2,4,'2025-01-09 00:00:00'),(19,177,15,1,'2025-02-14 00:00:00'),(20,26,8,3,'2024-04-18 00:00:00'),(21,190,11,2,'2024-07-18 00:00:00'),(22,20,2,1,'2024-06-01 00:00:00'),(23,143,1,2,'2024-10-29 00:00:00'),(24,59,2,2,'2024-08-26 00:00:00'),(25,80,10,3,'2025-04-07 00:00:00'),(26,178,11,4,'2025-01-22 00:00:00'),(27,145,11,5,'2024-12-15 00:00:00'),(28,144,20,5,'2025-04-10 00:00:00'),(29,24,17,2,'2024-04-18 00:00:00'),(30,98,6,3,'2025-03-27 00:00:00'),(31,145,21,3,'2025-04-02 00:00:00'),(32,13,17,5,'2024-10-28 00:00:00'),(33,173,13,4,'2024-11-23 00:00:00'),(34,6,15,4,'2024-05-28 00:00:00'),(35,110,20,5,'2025-01-23 00:00:00'),(36,193,5,1,'2024-07-25 00:00:00'),(37,143,24,4,'2024-07-27 00:00:00'),(38,87,9,4,'2025-03-09 00:00:00'),(39,90,12,4,'2025-03-27 00:00:00'),(40,158,5,3,'2024-09-02 00:00:00'),(41,191,25,4,'2024-07-06 00:00:00'),(42,107,21,3,'2025-02-15 00:00:00'),(43,151,3,3,'2024-10-06 00:00:00'),(44,4,15,5,'2024-09-10 00:00:00'),(45,28,8,5,'2024-05-18 00:00:00'),(46,40,15,1,'2025-03-26 00:00:00'),(47,78,3,3,'2025-03-30 00:00:00'),(48,72,13,3,'2025-02-19 00:00:00'),(49,93,23,5,'2025-03-23 00:00:00'),(50,147,12,1,'2024-05-10 00:00:00'),(51,100,7,1,'2025-01-05 00:00:00'),(52,153,20,5,'2024-12-27 00:00:00'),(53,67,9,2,'2024-08-07 00:00:00'),(54,143,5,1,'2024-08-08 00:00:00'),(55,24,22,2,'2024-10-17 00:00:00'),(56,19,25,1,'2024-05-19 00:00:00'),(57,145,13,3,'2024-09-08 00:00:00'),(58,88,1,5,'2025-01-20 00:00:00'),(59,192,3,1,'2024-08-31 00:00:00'),(60,6,24,4,'2024-05-10 00:00:00'),(61,126,4,4,'2025-02-18 00:00:00'),(62,34,2,3,'2024-09-28 00:00:00'),(63,125,6,1,'2024-11-15 00:00:00'),(64,197,13,4,'2024-09-11 00:00:00'),(65,10,15,4,'2025-01-09 00:00:00'),(66,3,15,4,'2024-12-25 00:00:00'),(67,107,23,4,'2024-05-19 00:00:00'),(68,156,16,4,'2024-10-16 00:00:00'),(69,192,18,3,'2024-07-05 00:00:00'),(70,103,22,3,'2024-10-05 00:00:00'),(71,64,7,4,'2024-06-14 00:00:00'),(72,4,19,2,'2025-02-24 00:00:00'),(73,80,23,4,'2024-08-10 00:00:00'),(74,161,4,2,'2024-08-15 00:00:00'),(75,111,1,3,'2025-03-30 00:00:00'),(76,174,16,1,'2024-11-07 00:00:00'),(77,152,23,3,'2024-06-30 00:00:00'),(78,123,22,1,'2024-08-18 00:00:00'),(79,104,17,5,'2024-10-22 00:00:00'),(80,113,10,3,'2024-06-30 00:00:00'),(81,76,11,2,'2024-08-10 00:00:00'),(82,187,5,4,'2024-06-16 00:00:00'),(83,79,16,5,'2024-05-03 00:00:00'),(84,177,15,2,'2024-04-29 00:00:00'),(85,157,14,5,'2024-12-30 00:00:00'),(86,79,16,5,'2025-03-05 00:00:00'),(87,137,19,2,'2024-09-15 00:00:00'),(88,192,13,1,'2024-10-28 00:00:00'),(89,56,23,2,'2024-10-09 00:00:00'),(90,36,1,3,'2024-05-31 00:00:00'),(91,59,5,3,'2024-06-13 00:00:00'),(92,38,24,3,'2025-02-06 00:00:00'),(93,194,13,1,'2024-12-13 00:00:00'),(94,119,11,5,'2024-08-31 00:00:00'),(95,150,19,2,'2024-12-07 00:00:00'),(96,166,1,5,'2025-01-25 00:00:00'),(97,13,6,1,'2025-03-08 00:00:00'),(98,190,10,5,'2025-01-21 00:00:00'),(99,133,15,3,'2024-11-30 00:00:00'),(100,158,16,4,'2024-09-04 00:00:00');
/*!40000 ALTER TABLE `orders` ENABLE KEYS */;
UNLOCK TABLES;
/*!40103 SET TIME_ZONE=@OLD_TIME_ZONE */;

/*!40101 SET SQL_MODE=@OLD_SQL_MODE */;
/*!40014 SET FOREIGN_KEY_CHECKS=@OLD_FOREIGN_KEY_CHECKS */;
/*!40014 SET UNIQUE_CHECKS=@OLD_UNIQUE_CHECKS */;
/*!40101 SET CHARACTER_SET_CLIENT=@OLD_CHARACTER_SET_CLIENT */;
/*!40101 SET CHARACTER_SET_RESULTS=@OLD_CHARACTER_SET_RESULTS */;
/*!40101 SET COLLATION_CONNECTION=@OLD_COLLATION_CONNECTION */;
/*!40111 SET SQL_NOTES=@OLD_SQL_NOTES */;

-- Dump completed on 2025-04-15 19:04:07
